<?xml version="1.0" encoding="UTF-8"?>
<manifest xmlns:android="http://schemas.android.com/apk/res/android" android:versionCode="1" android:versionName="1.0" package="">
    <uses-sdk android:minSdkVersion="17" android:targetSdkVersion="26"/>
    <application android:icon="@drawable/icon" android:label="">
        <activity android:name=".MainActivity" android:theme="@style/Theme.AppCompat.Light.NoActionBar.FullScreen">
            <intent-filter>
                <action android:name="android.intent.action.MAIN"/>
                <category android:name="android.intent.category.LAUNCHER"/>
            </intent-filter>
        </activity>
    </application>
    <uses-permission android:name="android.permission.CAMERA"/>
</manifest>
